{"cameraMode":{"drawMode":0,"name":"Shaded","section":"Shading Mode"},"sceneLighting":true,"audioPlay":false,"sceneViewState":{"m_AlwaysRefresh":false,"showFog":true,"showSkybox":true,"showFlares":true,"showImageEffects":true,"showParticleSystems":true,"showVisualEffectGraphs":true,"m_FxEnabled":true},"in2DMode":false,"pivot":{"x":12.804702758789063,"y":-2.5159735679626467,"z":0.5684219598770142},"rotation":{"x":0.1309865266084671,"y":-0.4416286051273346,"z":0.06632891297340393,"w":0.8854764103889465},"size":1.5281363725662232,"orthographic":false}