{"cameraMode":{"drawMode":0,"name":"Shaded","section":"Shading Mode"},"sceneLighting":true,"audioPlay":false,"sceneViewState":{"m_AlwaysRefresh":false,"showFog":true,"showSkybox":true,"showFlares":true,"showImageEffects":true,"showParticleSystems":true,"showVisualEffectGraphs":true,"m_FxEnabled":true},"in2DMode":false,"pivot":{"x":-5.030162334442139,"y":-1.7462825775146485,"z":22.897127151489259},"rotation":{"x":0.012394482269883156,"y":0.9689871668815613,"z":-0.046687860041856769,"w":0.24372482299804688},"size":2.2763583660125734,"orthographic":false}